{"mean":{"confidence_interval":{"confidence_level":0.95,"lower_bound":652.1585563143585,"upper_bound":715.7057526297614},"point_estimate":685.078968939169,"standard_error":16.22267662520411},"median":{"confidence_interval":{"confidence_level":0.95,"lower_bound":766.0772893772894,"upper_bound":766.7217990739784},"point_estimate":766.232757430016,"standard_error":0.19158080820757142},"median_abs_dev":{"confidence_interval":{"confidence_level":0.95,"lower_bound":3.2044232466059683,"upper_bound":21.955673528174245},"point_estimate":20.958022150768752,"standard_error":4.376536330945658},"slope":{"confidence_interval":{"confidence_level":0.95,"lower_bound":557.7895933858626,"upper_bound":673.2795398837069},"point_estimate":614.0721000526975,"standard_error":29.42285385577169},"std_dev":{"confidence_interval":{"confidence_level":0.95,"lower_bound":132.62551274115543,"upper_bound":184.69924794746433},"point_estimate":162.71873391212583,"standard_error":13.298687945669402}}