{"mean":{"confidence_interval":{"confidence_level":0.95,"lower_bound":574.1416657146758,"upper_bound":647.0186758600227},"point_estimate":610.9905037123957,"standard_error":18.58877113148346},"median":{"confidence_interval":{"confidence_level":0.95,"lower_bound":621.8135340012881,"upper_bound":767.414640455251},"point_estimate":726.8146743052762,"standard_error":45.66863649633797},"median_abs_dev":{"confidence_interval":{"confidence_level":0.95,"lower_bound":19.367994227282185,"upper_bound":235.31944240585133},"point_estimate":79.94712060151944,"standard_error":62.88830542723009},"slope":{"confidence_interval":{"confidence_level":0.95,"lower_bound":533.7656890321762,"upper_bound":637.0547476284116},"point_estimate":585.0071925692156,"standard_error":26.40668483550336},"std_dev":{"confidence_interval":{"confidence_level":0.95,"lower_bound":172.34725127900538,"upper_bound":196.21544318511022},"point_estimate":186.8493877462129,"standard_error":6.073274175220611}}